{"cameraMode":{"drawMode":0,"name":"Shaded","section":"Shading Mode"},"sceneLighting":true,"audioPlay":false,"sceneViewState":{"showFog":true,"showMaterialUpdate":false,"showSkybox":true,"showFlares":true,"showImageEffects":true,"showParticleSystems":true},"in2DMode":false,"pivot":{"x":186.4951171875,"y":149.24057006835938,"z":-207.6116943359375},"rotation":{"x":0.01092094462364912,"y":-0.985923171043396,"z":0.15083329379558564,"w":0.0713995024561882},"size":1021.037841796875,"orthographic":false}