{"cameraMode":{"drawMode":0,"name":"Shaded","section":"Shading Mode"},"sceneLighting":true,"audioPlay":false,"sceneViewState":{"showFog":true,"showMaterialUpdate":false,"showSkybox":true,"showFlares":true,"showImageEffects":true,"showParticleSystems":true},"in2DMode":false,"pivot":{"x":405.2815246582031,"y":-31.93798828125,"z":-236.61587524414063},"rotation":{"x":-0.09175246953964234,"y":-0.8689842224121094,"z":0.17602935433387757,"w":-0.45356667041778567},"size":714.84912109375,"orthographic":false}