{"cameraMode":{"drawMode":0,"name":"Shaded","section":"Shading Mode"},"sceneLighting":true,"audioPlay":false,"sceneViewState":{"showFog":true,"showMaterialUpdate":false,"showSkybox":true,"showFlares":true,"showImageEffects":true,"showParticleSystems":true},"in2DMode":false,"pivot":{"x":0.640731692314148,"y":0.8819650411605835,"z":1.2575088739395142},"rotation":{"x":-0.014940648339688778,"y":-0.9836479425430298,"z":0.09801951795816422,"w":-0.15076139569282533},"size":3.401561975479126,"orthographic":false}