{"cameraMode":{"drawMode":0,"name":"Shaded","section":"Shading Mode"},"sceneLighting":true,"audioPlay":false,"sceneViewState":{"showFog":true,"showMaterialUpdate":false,"showSkybox":false,"showFlares":true,"showImageEffects":true,"showParticleSystems":true},"in2DMode":false,"pivot":{"x":-9.195250511169434,"y":3.182020425796509,"z":-6.495153427124023},"rotation":{"x":0.0666436105966568,"y":0.8885467648506165,"z":-0.13579027354717256,"w":0.4336640238761902},"size":20.145254135131837,"orthographic":false}