{"cameraMode":{"drawMode":0,"name":"Shaded","section":"Shading Mode"},"sceneLighting":true,"audioPlay":false,"sceneViewState":{"showFog":true,"showMaterialUpdate":false,"showSkybox":false,"showFlares":true,"showImageEffects":true,"showParticleSystems":true},"in2DMode":false,"pivot":{"x":-370.8855895996094,"y":141.6011199951172,"z":416.2396240234375},"rotation":{"x":0.06716252863407135,"y":0.39265426993370058,"z":0.028941500931978227,"w":-0.9168797731399536},"size":546.4686889648438,"orthographic":false}