{"cameraMode":{"drawMode":0,"name":"Shaded","section":"Shading Mode"},"sceneLighting":true,"audioPlay":false,"sceneViewState":{"showFog":true,"showMaterialUpdate":false,"showSkybox":true,"showFlares":true,"showImageEffects":true,"showParticleSystems":true},"in2DMode":false,"pivot":{"x":-13.541543006896973,"y":27.170019149780275,"z":9.007877349853516},"rotation":{"x":-0.2386561632156372,"y":0.025638606399297715,"z":-0.005870645400136709,"w":-0.9713993668556213},"size":5.325915336608887,"orthographic":false}