{"cameraMode":{"drawMode":0,"name":"Shaded","section":"Shading Mode"},"sceneLighting":true,"audioPlay":false,"sceneViewState":{"showFog":true,"showMaterialUpdate":false,"showSkybox":true,"showFlares":true,"showImageEffects":true,"showParticleSystems":true},"in2DMode":false,"pivot":{"x":653.5149536132813,"y":6.377161979675293,"z":633.857421875},"rotation":{"x":-0.004522610455751419,"y":0.245606929063797,"z":-0.0017181960865855218,"w":-0.969687819480896},"size":37.65955352783203,"orthographic":false}