{"cameraMode":{"drawMode":0,"name":"Shaded","section":"Shading Mode"},"sceneLighting":true,"audioPlay":false,"sceneViewState":{"showFog":true,"showMaterialUpdate":false,"showSkybox":true,"showFlares":true,"showImageEffects":true,"showParticleSystems":true},"in2DMode":false,"pivot":{"x":730.0527954101563,"y":-0.8691534996032715,"z":504.1165466308594},"rotation":{"x":0.013699769042432309,"y":0.9853038191795349,"z":-0.14678144454956056,"w":0.09056682139635086},"size":18.454225540161134,"orthographic":false}