{"cameraMode":{"drawMode":0,"name":"Shaded","section":"Shading Mode"},"sceneLighting":true,"audioPlay":false,"sceneViewState":{"showFog":true,"showMaterialUpdate":false,"showSkybox":true,"showFlares":true,"showImageEffects":true,"showParticleSystems":true},"in2DMode":false,"pivot":{"x":-0.24309909343719483,"y":0.4478325843811035,"z":-1.3968126773834229},"rotation":{"x":-0.026644917204976083,"y":0.9734786152839661,"z":-0.1503828465938568,"w":-0.1709953099489212},"size":2.7294673919677736,"orthographic":false}