{"cameraMode":{"drawMode":0,"name":"Shaded","section":"Shading Mode"},"sceneLighting":true,"audioPlay":false,"sceneViewState":{"showFog":true,"showMaterialUpdate":false,"showSkybox":true,"showFlares":true,"showImageEffects":true,"showParticleSystems":true},"in2DMode":false,"pivot":{"x":-361.8170471191406,"y":25.171293258666993,"z":-461.3030700683594},"rotation":{"x":-0.015324026346206665,"y":0.9826409816741943,"z":-0.15791767835617066,"w":-0.09770763665437699},"size":38.201847076416019,"orthographic":false}