{"cameraMode":{"drawMode":0,"name":"Shaded","section":"Shading Mode"},"sceneLighting":false,"audioPlay":false,"sceneViewState":{"showFog":true,"showMaterialUpdate":false,"showSkybox":false,"showFlares":true,"showImageEffects":true,"showParticleSystems":true},"in2DMode":false,"pivot":{"x":-0.21919940412044526,"y":0.6790697574615479,"z":-3.0779781341552736},"rotation":{"x":-0.03064853698015213,"y":-0.9691876769065857,"z":0.16168801486492158,"w":-0.18359176814556123},"size":2.904132843017578,"orthographic":false}