{"cameraMode":{"drawMode":0,"name":"Shaded","section":"Shading Mode"},"sceneLighting":false,"audioPlay":false,"sceneViewState":{"showFog":true,"showMaterialUpdate":false,"showSkybox":false,"showFlares":true,"showImageEffects":true,"showParticleSystems":true},"in2DMode":false,"pivot":{"x":-1.266387939453125,"y":1.136000394821167,"z":-2.091657876968384},"rotation":{"x":-0.027443792670965196,"y":-0.9690410494804382,"z":0.12600281834602357,"w":-0.21081238985061646},"size":5.004133224487305,"orthographic":false}