{"cameraMode":{"drawMode":0,"name":"Shaded","section":"Shading Mode"},"sceneLighting":false,"audioPlay":false,"sceneViewState":{"showFog":true,"showMaterialUpdate":false,"showSkybox":false,"showFlares":true,"showImageEffects":true,"showParticleSystems":true},"in2DMode":false,"pivot":{"x":0.2924652099609375,"y":0.61376953125,"z":-5.095703125},"rotation":{"x":-0.001222651801072061,"y":-0.997903048992157,"z":0.06235126778483391,"w":-0.019772017374634744},"size":2.2282679080963136,"orthographic":true}