{"cameraMode":{"drawMode":0,"name":"Shaded","section":"Shading Mode"},"sceneLighting":true,"audioPlay":false,"sceneViewState":{"showFog":true,"showMaterialUpdate":false,"showSkybox":true,"showFlares":true,"showImageEffects":true,"showParticleSystems":true},"in2DMode":false,"pivot":{"x":-9.934791564941407,"y":0.5358746647834778,"z":-16.070409774780275},"rotation":{"x":0.01103499997407198,"y":-0.9529005885124207,"z":0.03458613529801369,"w":0.30133867263793948},"size":18.484169006347658,"orthographic":false}