{"cameraMode":{"drawMode":0,"name":"Shaded","section":"Shading Mode"},"sceneLighting":true,"audioPlay":false,"sceneViewState":{"showFog":true,"showMaterialUpdate":false,"showSkybox":true,"showFlares":true,"showImageEffects":true,"showParticleSystems":true},"in2DMode":false,"pivot":{"x":734.7098388671875,"y":208.92259216308595,"z":36.803497314453128},"rotation":{"x":-0.10754033923149109,"y":-0.7971267104148865,"z":0.1517305076122284,"w":-0.5759140849113464},"size":1989.44287109375,"orthographic":false}