{"cameraMode":{"drawMode":0,"name":"Shaded","section":"Shading Mode"},"sceneLighting":true,"audioPlay":false,"sceneViewState":{"showFog":true,"showMaterialUpdate":false,"showSkybox":true,"showFlares":true,"showImageEffects":true,"showParticleSystems":true},"in2DMode":false,"pivot":{"x":834.1708374023438,"y":-927.9177856445313,"z":1046.0360107421875},"rotation":{"x":-0.2782779932022095,"y":0.10691682994365692,"z":-0.031172625720500947,"w":-0.9540376663208008},"size":6676.1552734375,"orthographic":false}