{"cameraMode":{"drawMode":0,"name":"Shaded","section":"Shading Mode"},"sceneLighting":true,"audioPlay":false,"sceneViewState":{"showFog":true,"showMaterialUpdate":false,"showSkybox":true,"showFlares":true,"showImageEffects":true,"showParticleSystems":true},"in2DMode":false,"pivot":{"x":521.2770385742188,"y":-1.6331568956375123,"z":502.1285095214844},"rotation":{"x":0.3604210317134857,"y":0.23521313071250916,"z":-0.09507255256175995,"w":0.8978175520896912},"size":15.825854301452637,"orthographic":false}