{"cameraMode":{"drawMode":0,"name":"Shaded","section":"Shading Mode"},"sceneLighting":true,"audioPlay":false,"sceneViewState":{"showFog":true,"showMaterialUpdate":false,"showSkybox":true,"showFlares":true,"showImageEffects":true,"showParticleSystems":true},"in2DMode":false,"pivot":{"x":727.3853149414063,"y":5.845355033874512,"z":549.5972290039063},"rotation":{"x":-0.17329493165016175,"y":0.7009041905403137,"z":-0.18175089359283448,"w":-0.6677961945533752},"size":3.8048863410949709,"orthographic":false}