{"cameraMode":{"drawMode":0,"name":"Shaded","section":"Shading Mode"},"sceneLighting":true,"audioPlay":false,"sceneViewState":{"showFog":true,"showMaterialUpdate":false,"showSkybox":true,"showFlares":true,"showImageEffects":true,"showParticleSystems":true},"in2DMode":false,"pivot":{"x":-6.242562294006348,"y":2.831544876098633,"z":1.2561241388320923},"rotation":{"x":-0.035278934985399249,"y":-0.9587060213088989,"z":0.1378956139087677,"w":-0.2465725541114807},"size":4.4308037757873539,"orthographic":false}