{"cameraMode":{"drawMode":0,"name":"Shaded","section":"Shading Mode"},"sceneLighting":true,"audioPlay":false,"sceneViewState":{"showFog":true,"showMaterialUpdate":false,"showSkybox":true,"showFlares":true,"showImageEffects":true,"showParticleSystems":true},"in2DMode":false,"pivot":{"x":-3.207095146179199,"y":1.837313175201416,"z":-1.9507677555084229},"rotation":{"x":-0.050702545791864398,"y":-0.9374378323554993,"z":0.307954877614975,"w":-0.1543687880039215},"size":3.3616201877593996,"orthographic":false}