{"cameraMode":{"drawMode":0,"name":"Shaded","section":"Shading Mode"},"sceneLighting":false,"audioPlay":false,"sceneViewState":{"showFog":true,"showMaterialUpdate":false,"showSkybox":false,"showFlares":true,"showImageEffects":true,"showParticleSystems":true},"in2DMode":false,"pivot":{"x":-0.5230213403701782,"y":1.52073073387146,"z":-1.9173474311828614},"rotation":{"x":-0.14455439150333405,"y":0.6027028560638428,"z":-0.11109483242034912,"w":-0.7770583033561707},"size":8.30234432220459,"orthographic":false}