{"cameraMode":{"drawMode":0,"name":"Shaded","section":"Shading Mode"},"sceneLighting":true,"audioPlay":false,"sceneViewState":{"showFog":true,"showMaterialUpdate":false,"showSkybox":true,"showFlares":true,"showImageEffects":true,"showParticleSystems":true},"in2DMode":false,"pivot":{"x":-5.769173622131348,"y":-2.8031179904937746,"z":3.7980895042419435},"rotation":{"x":-0.2785090506076813,"y":0.241027370095253,"z":-0.07242252677679062,"w":-0.9268752932548523},"size":27.502168655395509,"orthographic":false}