{"cameraMode":{"drawMode":0,"name":"Shaded","section":"Shading Mode"},"sceneLighting":true,"audioPlay":false,"sceneViewState":{"showFog":true,"showMaterialUpdate":false,"showSkybox":true,"showFlares":true,"showImageEffects":true,"showParticleSystems":true},"in2DMode":false,"pivot":{"x":598.8861694335938,"y":41.45597457885742,"z":470.94622802734377},"rotation":{"x":-0.0763716846704483,"y":-0.8191980719566345,"z":0.5572140216827393,"w":-0.11227589100599289},"size":22.0,"orthographic":false}