{"cameraMode":{"drawMode":0,"name":"Shaded","section":"Shading Mode"},"sceneLighting":true,"audioPlay":false,"sceneViewState":{"showFog":true,"showMaterialUpdate":false,"showSkybox":true,"showFlares":true,"showImageEffects":true,"showParticleSystems":true},"in2DMode":false,"pivot":{"x":520.743896484375,"y":-315.11309814453127,"z":496.5914001464844},"rotation":{"x":0.0777631625533104,"y":0.9152159094810486,"z":0.21755902469158173,"w":-0.3307340443134308},"size":6.221109867095947,"orthographic":false}