{"cameraMode":{"drawMode":0,"name":"Shaded","section":"Shading Mode"},"sceneLighting":true,"audioPlay":false,"sceneViewState":{"showFog":true,"showMaterialUpdate":false,"showSkybox":true,"showFlares":true,"showImageEffects":true,"showParticleSystems":true},"in2DMode":false,"pivot":{"x":732.0744018554688,"y":3.916841745376587,"z":511.0520324707031},"rotation":{"x":-0.0004902723012492061,"y":-0.9435924887657166,"z":0.0007842585328035057,"w":-0.33227282762527468},"size":13.012608528137207,"orthographic":false}