{"cameraMode":{"drawMode":0,"name":"Shaded","section":"Shading Mode"},"sceneLighting":false,"audioPlay":false,"sceneViewState":{"showFog":true,"showMaterialUpdate":false,"showSkybox":false,"showFlares":true,"showImageEffects":true,"showParticleSystems":true},"in2DMode":false,"pivot":{"x":-0.3563421070575714,"y":-0.013923866674304009,"z":-3.8167457580566408},"rotation":{"x":-0.06576669961214066,"y":-0.9335633516311646,"z":0.2668466567993164,"w":-0.2302621603012085},"size":3.0203871726989748,"orthographic":true}