{"cameraMode":{"drawMode":0,"name":"Shaded","section":"Shading Mode"},"sceneLighting":true,"audioPlay":false,"sceneViewState":{"showFog":true,"showMaterialUpdate":false,"showSkybox":true,"showFlares":true,"showImageEffects":true,"showParticleSystems":true},"in2DMode":false,"pivot":{"x":-0.5146946310997009,"y":7.179492950439453,"z":-63.81580352783203},"rotation":{"x":0.021271808072924615,"y":0.972061038017273,"z":-0.21268709003925324,"w":0.09744619578123093},"size":20.10498046875,"orthographic":false}