{"cameraMode":{"drawMode":0,"name":"Shaded","section":"Shading Mode"},"sceneLighting":true,"audioPlay":false,"sceneViewState":{"showFog":true,"showMaterialUpdate":false,"showSkybox":true,"showFlares":true,"showImageEffects":true,"showParticleSystems":true},"in2DMode":false,"pivot":{"x":841.456787109375,"y":4.079068183898926,"z":461.0205993652344},"rotation":{"x":-0.08065830916166306,"y":0.6637808680534363,"z":0.0725012868642807,"w":0.7408671379089356},"size":5.325911998748779,"orthographic":false}