{"cameraMode":{"drawMode":0,"name":"Shaded","section":"Shading Mode"},"sceneLighting":true,"audioPlay":false,"sceneViewState":{"showFog":true,"showMaterialUpdate":false,"showSkybox":true,"showFlares":true,"showImageEffects":true,"showParticleSystems":true},"in2DMode":false,"pivot":{"x":-9.802955627441407,"y":-0.6877703666687012,"z":21.908611297607423},"rotation":{"x":0.07575678825378418,"y":0.1551370769739151,"z":-0.012248477898538113,"w":0.9850002527236939},"size":22.0,"orthographic":false}