{"cameraMode":{"drawMode":0,"name":"Shaded","section":"Shading Mode"},"sceneLighting":true,"audioPlay":false,"sceneViewState":{"showFog":true,"showMaterialUpdate":false,"showSkybox":true,"showFlares":true,"showImageEffects":true,"showParticleSystems":true},"in2DMode":false,"pivot":{"x":398.1021423339844,"y":1.9955487251281739,"z":432.3289489746094},"rotation":{"x":0.08297985047101975,"y":0.8837826251983643,"z":-0.1828957349061966,"w":0.4257850646972656},"size":5.766331672668457,"orthographic":false}