{"cameraMode":{"drawMode":0,"name":"Shaded","section":"Shading Mode"},"sceneLighting":false,"audioPlay":false,"sceneViewState":{"showFog":true,"showMaterialUpdate":false,"showSkybox":false,"showFlares":true,"showImageEffects":true,"showParticleSystems":true},"in2DMode":false,"pivot":{"x":-2.6542680263519289,"y":1.9394702911376954,"z":2.0230698585510256},"rotation":{"x":0.0053942552767694,"y":-0.05607859045267105,"z":0.00027216161834076047,"w":0.9984550476074219},"size":1.041658878326416,"orthographic":false}