{"cameraMode":{"drawMode":0,"name":"Shaded","section":"Shading Mode"},"sceneLighting":true,"audioPlay":false,"sceneViewState":{"showFog":true,"showMaterialUpdate":false,"showSkybox":true,"showFlares":true,"showImageEffects":true,"showParticleSystems":true},"in2DMode":false,"pivot":{"x":-3.3731095790863039,"y":1.5165235996246338,"z":-1.840330958366394},"rotation":{"x":0.02807050757110119,"y":-0.7694389820098877,"z":0.0336216539144516,"w":0.637351393699646},"size":6.4350433349609379,"orthographic":false}