{"cameraMode":{"drawMode":0,"name":"Shaded","section":"Shading Mode"},"sceneLighting":true,"audioPlay":false,"sceneViewState":{"showFog":true,"showMaterialUpdate":false,"showSkybox":true,"showFlares":true,"showImageEffects":true,"showParticleSystems":true},"in2DMode":false,"pivot":{"x":484.772705078125,"y":188.6396026611328,"z":304.7100830078125},"rotation":{"x":0.024337198585271837,"y":0.9706659913063049,"z":-0.20524713397026063,"w":0.13268956542015077},"size":4.606232643127441,"orthographic":false}