{"cameraMode":{"drawMode":0,"name":"Shaded","section":"Shading Mode"},"sceneLighting":true,"audioPlay":false,"sceneViewState":{"showFog":true,"showMaterialUpdate":false,"showSkybox":true,"showFlares":true,"showImageEffects":true,"showParticleSystems":true},"in2DMode":false,"pivot":{"x":678.4937133789063,"y":-15.57559871673584,"z":647.1519165039063},"rotation":{"x":-0.21079006791114808,"y":-0.09048357605934143,"z":0.01963919773697853,"w":-0.9731763601303101},"size":48.69835662841797,"orthographic":false}