{"cameraMode":{"drawMode":0,"name":"Shaded","section":"Shading Mode"},"sceneLighting":true,"audioPlay":false,"sceneViewState":{"showFog":true,"showMaterialUpdate":false,"showSkybox":true,"showFlares":true,"showImageEffects":true,"showParticleSystems":true},"in2DMode":false,"pivot":{"x":367.7250061035156,"y":0.14500045776367188,"z":437.2139892578125},"rotation":{"x":-0.3909141421318054,"y":0.49035924673080447,"z":-0.261027455329895,"w":-0.7339948415756226},"size":48.11431884765625,"orthographic":false}