{"cameraMode":{"drawMode":0,"name":"Shaded","section":"Shading Mode"},"sceneLighting":true,"audioPlay":false,"sceneViewState":{"showFog":true,"showMaterialUpdate":false,"showSkybox":true,"showFlares":true,"showImageEffects":true,"showParticleSystems":true},"in2DMode":false,"pivot":{"x":42.741600036621097,"y":17.649633407592775,"z":-81.32061004638672},"rotation":{"x":-0.12712061405181886,"y":0.07182198017835617,"z":-0.009575695730745793,"w":-0.989395797252655},"size":6.889628887176514,"orthographic":false}