{"cameraMode":{"drawMode":0,"name":"Shaded","section":"Shading Mode"},"sceneLighting":true,"audioPlay":false,"sceneViewState":{"showFog":true,"showMaterialUpdate":false,"showSkybox":true,"showFlares":true,"showImageEffects":true,"showParticleSystems":true},"in2DMode":false,"pivot":{"x":-478.9566650390625,"y":-720.0877075195313,"z":-329.205322265625},"rotation":{"x":-0.30798089504241946,"y":0.6717299222946167,"z":-0.36548808217048647,"w":-0.5660125613212586},"size":1021.037841796875,"orthographic":false}